{"cameraMode":{"drawMode":0,"name":"Shaded","section":"Shading Mode"},"sceneLighting":true,"audioPlay":false,"sceneViewState":{"m_AlwaysRefresh":false,"showFog":true,"showSkybox":true,"showFlares":true,"showImageEffects":true,"showParticleSystems":true,"showVisualEffectGraphs":true,"m_FxEnabled":true},"in2DMode":false,"pivot":{"x":7.38388204574585,"y":1.7173446416854859,"z":3.819999933242798},"rotation":{"x":0.13904747366905213,"y":-0.0029708952642977239,"z":0.0004171821638010442,"w":0.9902821779251099},"size":1.9090871810913087,"orthographic":false}